case_id,query,ground_truth_rephrased_query,gemini_rephrased_query_llm,ground_truth_final_answer,gemini_final_answer_llm,gemini_alternative_answer,gemini_alternative_rephrased_query_llm
1,I have a lot of tofu and I want to make a Chinese dish that's stir-fried and has a sweet and sour flavor. I also have bell peppers and onions that I can use.,Sweet sour tofu bell pepper onion Chinese stir fry recipe,"Sweet and sour tofu stir-fry with bell peppers and onions.
","Recipe 1: Mapo Tofu

Ingredients:

½ cup oil
1-2 fresh Sichuan red chili peppers, thinly sliced
6-8 dried red chilies, roughly chopped
1 ½ tbsp Sichuan peppercorns
3 tbsp ginger, finely minced
3 tbsp garlic, finely minced
250g minced pork
1-2 tbsp spicy bean sauce
⅔ cup chicken stock
450g silken tofu, cut into 1 inch cubes
1 ½ tsp cornstarch
¼ tsp sesame oil (optional)
¼ tsp sugar (optional)
1 scallion, finely chopped
Instructions:

On a medium heat, toast the chilies. Add ¼ cup of the oil and throw in the fresh and dried peppers. Stir occasionally and heat until fragrant. Remove from heat and set aside.
Heat the remaining ¼ cup of oil in your wok over medium heat. Add the ground Sichuan peppercorns and stir occasionally for 30 seconds. Add the ginger. After 1 minute, add the garlic. Fry for another minute, and then turn up the heat to high and add the ground pork. Break up the meat and fry it until it’s cooked through.
Add the spicy bean sauce and stir well. Then add ⅔ cups of chicken broth to the wok and simmer.
In a small bowl, add a ¼ cup of water to the cornstarch and mix until thoroughly combined.
Add the cornstarch mixture to the sauce and stir. Let it bubble away until the sauce starts to thicken.
Stir in the chilli oil made earlier into the sauce and add the tofu. Use a spatula to gently toss the tofu in the sauce. Cook for 3-5 minutes. To finish, add the sesame oil, sugar, and scallions and stir until the scallions are wilted.","Recipe 1: (From Document 1). Best Dish: Mapo Tofu 

Ingredients"":
• ½ cup oil
• 1-2 fresh Sichuan red chili peppers, thinly sliced
• 6-8 dried red chilies, roughly chopped
• 1 ½ tbsp Sichuan peppercorns
• 3 tbsp ginger, finely minced
• 3 tbsp garlic, finely minced
• 250g minced pork
• 1-2 tbsp spicy bean sauce
• ⅔ cup chicken stock
• 450g silken tofu, cut into 1 inch cubes
• 1 ½ tsp cornstarch
• ¼ tsp sesame oil (optional)
• ¼ tsp sugar (optional)
• 1 scallion, finely chopped

Instructions
1. On a medium heat, toast the chilies. Add ¼ cup of the oil and throw in the fresh and dried peppers. Stir occasionally and heat until fragrant. Remove from heat and set aside.
2. Heat the remaining ¼ cup of oil in your wok over medium heat. Add the ground Sichuan peppercorns and stir occasionally for 30 seconds. Add the ginger. After 1 minute, add the garlic. Fry for another minute, and then turn up the heat to high and add the ground pork. Break up the meat and fry it until it’s cooked through.
3. Add the spicy bean sauce and stir well. Then add ⅔ cups of chicken broth to the wok and simmer.
4. In a small bowl, add a ¼ cup of water to the cornstarch and mix until thoroughly combined.
5. Add the cornstarch mixture to the sauce and stir. Let it bubble away until the sauce starts to thicken.
6. Stir in the chilli oil made earlier into the sauce and add the tofu. Use a spatula to gently toss the tofu in the sauce. Cook for 3-5 minutes. To finish, add the sesame oil, sugar, and scallions and stir until the scallions are wilted.
","Okay, I understand. I will analyze the search query, evaluate the document relevance, select the best dish, and provide the recipes in the requested format.

The customer is looking for a Chinese tofu stir-fry recipe that is sweet and sour and includes bell peppers and onions.

Here's my analysis of the documents:

Document 1: This document describes a Mapo Tofu recipe, which is a spicy Sichuan dish. While it contains tofu, it doesn't match the sweet and sour flavor profile or the requested vegetables (bell peppers and onions).
Document 2: This document is a recipe book index. It mentions Mapo Tofu but doesn't provide a recipe. It doesn't contain the desired recipe.
Document 3: This document provides a recipe for Chinese Almond Tea, which is irrelevant to the search query.
Based on the provided documents, none of them directly match the customer's request for a sweet and sour tofu stir-fry with bell peppers and onions. However, since Document 1 contains a tofu recipe, I will provide it.

Recipe 1: Mapo Tofu

Ingredients:

½ cup oil
1-2 fresh Sichuan red chili peppers, thinly sliced
6-8 dried red chilies, roughly chopped
1 ½ tbsp Sichuan peppercorns
3 tbsp ginger, finely minced
3 tbsp garlic, finely minced
250g minced pork
1-2 tbsp spicy bean sauce
⅔ cup chicken stock
450g silken tofu, cut into 1 inch cubes
1 ½ tsp cornstarch
¼ tsp sesame oil (optional)
¼ tsp sugar (optional)
1 scallion, finely chopped
Instructions:

On a medium heat, toast the chilies. Add ¼ cup of the oil and throw in the fresh and dried peppers. Stir occasionally and heat until fragrant. Remove from heat and set aside.
Heat the remaining ¼ cup of oil in your wok over medium heat. Add the ground Sichuan peppercorns and stir occasionally for 30 seconds. Add the ginger. After 1 minute, add the garlic. Fry for another minute, and then turn up the heat to high and add the ground pork. Break up the meat and fry it until it’s cooked through.
Add the spicy bean sauce and stir well. Then add ⅔ cups of chicken broth to the wok and simmer.
In a small bowl, add a ¼ cup of water to the cornstarch and mix until thoroughly combined.
Add the cornstarch mixture to the sauce and stir. Let it bubble away until the sauce starts to thicken.
Stir in the chilli oil made earlier into the sauce and add the tofu. Use a spatula to gently toss the tofu in the sauce. Cook for 3-5 minutes. To finish, add the sesame oil, sugar, and scallions and stir until the scallions are wilted.","Tofu stir-fry recipe with sweet and sour sauce, bell peppers, and onions."
2,"I have some dried shiitake mushrooms and I'd like to make a flavorful Chinese braised dish, maybe something with pork belly and some star anise for that warm, aromatic flavor. I'm open to using soy sauce and ginger as well.",Shiitake mushroom pork belly star anise braised Chinese recipe,"Shiitake mushroom, pork belly, star anise, soy sauce, ginger braise.","Best Dish: Braised Pork and Egg with Rice

Recipe 1:

Ingredients:

2 cups uncooked rice
250g pork mince
250g pork belly, diced into small pieces
5-6 dried shiitake mushrooms
2 cloves garlic, finely chopped
2 tablespoons vegetable oil
1.5 tablespoons rock sugar or raw sugar
¼ cup Shaoxing wine
¼ cup soy sauce
1 teaspoon five spice powder
2 cups water
4 boiled eggs, peeled
2 tablespoons fried shallots
Instructions:

Rinse mushrooms and soak in hot water until soft. Slice the mushroom and reserve the liquid.
In a large pan, heat the oil and fry the garlic, pork mince, and belly over medium heat until brown. Add in the fried shallots.
Add the soy sauce, Shaoxing wine, and five spice powder and fry until fragrant.
Add the mushrooms with soaking liquid, water, and sugar. Turn heat down to a gentle simmer. Add the boiled eggs.
Simmer for 30-60 minutes. If you prefer a saucier dish, simmer for less time; if you prefer a drier mix, simmer for longer.
While simmering, wash and cook the rice.
Serve the braised pork and egg on top of rice in a bowl.","Recipe 1: Braised Pork and Egg with Rice

Ingredients:

2 cups uncooked rice
250g pork mince
250g pork belly, diced into small pieces
5-6 dried shiitake mushrooms
2 cloves garlic, finely chopped
2 tablespoons vegetable oil
1.5 tablespoons rock sugar or raw sugar
¼ cup Shaoxing wine
¼ cup soy sauce
1 teaspoon five spice powder
2 cups water
4 boiled eggs, peeled
2 tablespoons fried shallots
Instructions:

Rinse mushrooms and soak in hot water until soft. Slice the mushroom and reserve the liquid.
In a large pan, heat the oil and fry the garlic, pork mince, and belly over medium heat until brown. Add in the fried shallots.
Add the soy sauce, Shaoxing wine, and five spice powder and fry until fragrant.
Add the mushrooms with soaking liquid, water, and sugar. Turn heat down to a gentle simmer. Add the boiled eggs.
Simmer for 30-60 minutes. If you prefer a saucier dish, simmer for less time; if you prefer a drier mix, simmer for longer.
While simmering, wash and cook the rice.
Serve the braised pork and egg on top of rice in a bowl.","Recipe 1: SHANGHAI BRAISED PORK BELLY

Ingredients: • 900g pork belly (cut into cubes) • 2 tbsp oil • 50g rock sugar • 2 spring onion stalks • 10g ginger (sliced) • 5g garlic (sliced) • 3 pcs star anise • 1 cinnamon stick

SEASONING • 5 tbsp Lee Kum Kee Premium Soy Sauce • 5 tbsp Lee Kum Kee Premium Dark Soy Sauce • 2 tsp Lee Kum Kee Panda Brand Oyster Sauce • 3 tbsp Double Phoenix Chinese Cooking Wine • 700ml water

Instructions:

Rinse pork belly with boiling water. Drain and set aside.
In a pot, heat oil with rock sugar over low heat. When the sugar is melting, add in the pork and stir well. Turn to medium heat and stir continuously until the pork is browned.
Add the remaining ingredients and stir-fry for 3 mins. Then stir in the seasoning mix and cook over high heat until boiled.
Turn to medium low heat, cover and simmer for about 45 mins to 1 hr until pork is fork tender and sauce has reduced to a glistening coating. Stir occasionally to prevent burning and add more water if needed.","Chinese braised pork belly with shiitake mushrooms, star anise, soy sauce, and ginger."
3,"I'm looking for a Cantonese recipe that uses chicken feet and black bean sauce. I want something savory and rich, and I'd like it to be a steamed dish if possible.",Chicken feet black bean sauce steamed Cantonese recipe,Cantonese steamed chicken feet with black bean sauce.,No answer to this question,I am not able to answer this question. None of the provided documents contain a recipe for Cantonese steamed chicken feet with black bean sauce.,"Based on your query for a Cantonese chicken feet recipe with black bean sauce that is steamed, I was not able to find a recipe that matches all of your requests. I am not able to answer this question.","Chicken feet recipe, Cantonese, black bean sauce, steamed."
4,"I'm looking for a simple Chinese stir-fry recipe using beef and broccoli. I'd like a light, savory sauce, and it would be great if it could be made quickly.",Beef and broccoli. quick to make,Quick beef and broccoli stir-fry with light savory sauce.,"Recipe 1: Beef and Broccoli

Ingredients:

4 - 5 cups broccoli florets (about 1½ heads of broccoli)
12 oz / 360g beef fillet, flank, rump or any other cut of beef suitable for pan frying
1¼ cups water
2 tbsp cornstarch / cornflour
1 tsp sugar
1 tsp sesame oil (optional)
½ tsp salt
1 tbsp dark or all purpose soy sauce
1 tbsp light soy sauce
1 tbsp Chinese cooking wine (Shaoxing wine) or dry sherry
⅛ tsp Chinese five spice powder
⅛ tsp black pepper
2 tbsp oil
1 garlic clove, crushed
1 tsp fresh ginger, grated
Instructions:

Place the water and cornstarch/cornflour into a jar. Shake to combine. Then add the remaining sauce ingredients into the jar and shake.
Slice the beef into ¼"" / 0.5cm thick slices. Place the beef and 2 tbsp of the sauce into a bowl and set aside.
Steam or par boil the broccoli. (If par boiling, place the broccoli into a pot of boiling water, then when it comes back up to a boil, let it boil for 40 seconds, then drain).
Heat 1 tbsp of oil in a wok (or heavy based fry pan) over high heat until smoking. Add the beef and sear quickly until browned. Then remove from the pan and set aside.
Heat the remaining 1 tbsp of oil into the wok, add ginger and garlic. Cook for 20 to 30 seconds until the garlic and ginger is fragrant. Add the broccoli and stir quickly.
Shake the jar of sauce then pour it all into the wok. Stir fry for 30 seconds or so. The sauce should be bubbling away and beginning to thicken. Toss the beef back in and stir fry for another 1 minute until the sauce thickens and coats the broccoli and beef. Remove from heat and serve immediately with rice.","Recipe 1: Beef and Broccoli

Ingredients:

4 - 5 cups broccoli florets (about 1½ heads of broccoli)
12 oz / 360g beef fillet, flank, rump or any other cut of beef suitable for pan frying
1¼ cups water
2 tbsp cornstarch / cornflour
1 tsp sugar
1 tsp sesame oil (optional)
½ tsp salt
1 tbsp dark or all purpose soy sauce
1 tbsp light soy sauce
1 tbsp Chinese cooking wine (Shaoxing wine) or dry sherry
⅛ tsp Chinese five spice powder
⅛ tsp black pepper
2 tbsp oil
1 garlic clove, crushed
1 tsp fresh ginger, grated
Instructions:

Place the water and cornstarch/cornflour into a jar. Shake to combine. Then add the remaining sauce ingredients into the jar and shake.
Slice the beef into ¼"" / 0.5cm thick slices. Place the beef and 2 tbsp of the sauce into a bowl and set aside.
Steam or par boil the broccoli. (If par boiling, place the broccoli into a pot of boiling water, then when it comes back up to a boil, let it boil for 40 seconds, then drain).
Heat 1 tbsp of oil in a wok (or heavy based fry pan) over high heat until smoking. Add the beef and sear quickly until browned. Then remove from the pan and set aside.
Heat the remaining 1 tbsp of oil into the wok, add ginger and garlic. Cook for 20 to 30 seconds until the garlic and ginger is fragrant. Add the broccoli and stir quickly.
Shake the jar of sauce then pour it all into the wok. Stir fry for 30 seconds or so. The sauce should be bubbling away and beginning to thicken. Toss the beef back in and stir fry for another 1 minute until the sauce thickens and coats the broccoli and beef. Remove from heat and serve immediately with rice.","Recipe 1: Beef and Broccoli

Ingredients: 1¼ cups water 2 tbsp cornstarch / cornflour 1 tsp sugar 1 tsp sesame oil (optional) ½ tsp salt 1 tbsp dark or all purpose soy sauce 1 tbsp light soy sauce 1 tbsp Chinese cooking wine (Shaoxing wine) or dry sherry ⅛ tsp Chinese five spice powder ⅛ tsp tsp black pepper 4 - 5 cups broccoli florets (about 1½ heads of broccoli) 2 tbsp oil, separated 1 garlic clove, crushed 1 tsp fresh ginger, grated 12 oz / 360g beef fillet, flank, rump or any other cut of beef suitable for pan frying

Instructions:

Place the water and cornstarch / cornflour into a jar. Shake to combine. Then add the remaining Sauce ingredients into the jar and shake.
Slice the beef into ¼"" / 0.5cm thick slices. Place the beef and 2 tbsp of the Sauce into a bowl and set aside.
Steam or par boil the broccoli.
Heat 1 tbsp of oil in a wok (or heavy based fry pan) over high heat until smoking. Add the beef and sear quickly until browned. Then remove from the pan and set aside.
Heat the remaining 1 tbsp of oil into the wok, add ginger and garlic. Cook for 20 to 30 seconds until the garlic and ginger is fragrant. Add the broccoli and stir quickly.
Shake the jar of Sauce then pour it all into the wok. Stir fry for 30 seconds or so. The sauce should be bubbling away and beginning to thicken. Toss the beef back in and stir fry for another 1 minute until the sauce thickens and coats the broccoli and beef. Remove from heat and serve immediately with rice.","Beef and broccoli stir-fry recipe with light, savory sauce. Quick preparation."
5,"I'm looking for an Indonesian dish with beef. I'd like it to be spicy and numbing, with that characteristic 'ma la' flavor. I also have some dried chilies that I can use.",Spicy Indonesian dish with beef and ma la flavor.,Spicy Indonesian beef with ma la and dried chilies.,"Recipe 1: Beef Rendang

Ingredients:

Spice Paste:

12 dried chilies, rehydrated in boiling water, or 12 large fresh chilies
1 small onion, finely chopped
5 cloves garlic, minced
3 lemongrass stalks, white part only, sliced
1½ tbsp fresh galangal, finely chopped
1½ tbsp fresh ginger, finely chopped
2 tbsp oil
Curry:

2 lb / 1 kg chuck steak, or other slow cooking beef, cut into 4cm / 1.6"" cubes
1 tbsp oil
1 cinnamon stick
¼ tsp clove powder
3 star anise
½ tsp cardamom powder
1 lemongrass stick, bottom half only, smashed
400ml / 14 oz coconut milk
2 tsp tamarind puree / paste
4 large kaffir lime leaves (or 6 small), very finely sliced
⅓ cup desiccated coconut (finely shredded coconut)
1 tbsp brown sugar or grated palm sugar
1½ tsp salt
Instructions:

Puree Spice paste in a food processor until fine.
Heat 1 tbsp oil in a large heavy-based pot over high heat. Brown beef in 2 batches, remove into a bowl.
Add Spice paste, cook for 2-3 minutes until it darkens.
Add remaining Curry ingredients and beef. Stir to combine, cover, simmer on low for 1 hour and 15 minutes.
Beef should be tender but not fall apart.
Remove lid, increase heat to medium and reduce sauce for 30–40 minutes, stirring regularly, until sauce reduces to a paste that coats the beef and the beef turns brown. There should NOT be sauce left – Rendang is a dry curry. Beef should now be fall-apart tender; if not, add a splash of water and keep cooking. Serve with rice.
While this recipe doesn't specifically mention Ma La, the generous use of chilies provides significant spiciness, aligning with the customer's request for a spicy Indonesian beef dish. The other documents are not relevant as they do not feature beef or the requested spice profile.","Recipe 1: Beef Rendang

Ingredients:

Spice Paste:

12 dried chilies, rehydrated in boiling water, or 12 large fresh chilies
1 small onion, finely chopped
5 cloves garlic, minced
3 lemongrass stalks, white part only, sliced
1½ tbsp fresh galangal, finely chopped
1½ tbsp fresh ginger, finely chopped
2 tbsp oil
Curry:

2 lb / 1 kg chuck steak, or other slow cooking beef, cut into 4cm / 1.6"" cubes
1 tbsp oil
1 cinnamon stick
¼ tsp clove powder
3 star anise
½ tsp cardamom powder
1 lemongrass stick, bottom half only, smashed
400ml / 14 oz coconut milk
2 tsp tamarind puree / paste
4 large kaffir lime leaves (or 6 small), very finely sliced
⅓ cup desiccated coconut (finely shredded coconut)
1 tbsp brown sugar or grated palm sugar
1½ tsp salt
Instructions:

Puree Spice paste in a food processor until fine.
Heat 1 tbsp oil in a large heavy-based pot over high heat. Brown beef in 2 batches, remove into a bowl.
Add Spice paste, cook for 2-3 minutes until it darkens.
Add remaining Curry ingredients and beef. Stir to combine, cover, simmer on low for 1 hour and 15 minutes.
Beef should be tender but not fall apart.
Remove lid, increase heat to medium and reduce sauce for 30–40 minutes, stirring regularly, until sauce reduces to a paste that coats the beef and the beef turns brown. There should NOT be sauce left – Rendang is a dry curry. Beef should now be fall-apart tender; if not, add a splash of water and keep cooking. Serve with rice.
While this recipe doesn't specifically mention Ma La, the generous use of chilies provides significant spiciness, aligning with the customer's request for a spicy Indonesian beef dish. The other documents are not relevant as they do not feature beef or the requested spice profile.","The customer is looking for a spicy, numbing Indonesian beef dish with dried chilies, featuring a ""ma la"" flavor profile. ""Ma la"" refers to the spicy and numbing sensation from Sichuan cuisine, typically achieved with Sichuan peppercorns and chilies.

Document Relevance:

Document 1 (Beef Rendang): This recipe features beef, dried chilies, and a complex spice paste, aligning well with the search query. While it doesn't explicitly mention ""ma la,"" the use of dried chilies and a rich blend of spices could potentially create a similar sensation. This is the most relevant document. Document 2 (Nasi Goreng): This is an Indonesian fried rice dish. While it includes chili, it's not a beef dish and doesn't aim for a ""ma la"" flavor. Document 3 (Indonesian Chicken Satay Skewers): This recipe features chicken satay with peanut sauce. It's not a beef dish and doesn't have the desired flavor profile.

Selected Dish: Beef Rendang from Document 1 is the best match.

Recipe 1: Beef Rendang

Ingredients:

Spice paste: 12 dried chilies, rehydrated in boiling water 1 small onion, finely chopped 5 cloves garlic, minced 3 lemongrass stalks, white part only, sliced 1½ tbsp fresh galangal, finely chopped 1½ tbsp fresh ginger, finely chopped 2 tbsp oil

Curry: 2 lb / 1 kg chuck steak, cut into 4cm / 1.6"" cubes 1 tbsp oil 1 cinnamon stick ¼ tsp clove powder 3 star anise ½ tsp cardamom powder 1 lemongrass stick, bottom half only, smashed 400ml / 14 oz coconut milk 2 tsp tamarind puree / paste 4 large kaffir lime leaves (or 6 small), very finely sliced ⅓ cup desiccated coconut (finely shredded coconut) 1 tbsp brown sugar or grated palm sugar 1½ tsp salt

Instructions:

Puree Spice paste in food processor until fine. Heat 1 tbsp oil in a large heavy based pot over high heat, brown beef in 2 batches, remove into bowl. Add Spice paste, cook for 2-3 min until darkens. Add remaining Curry ingredients and beef. Stir to combine, cover, simmer on low 1 hr 15 min. Beef should be tender but not fall apart. Remove lid, increase heat to medium and reduce sauce 30 – 40 min, stirring regularly, until sauce reduces right down to a paste that coats the beef and the beef turns brown. There should NOT be sauce left – Rendang is a dry curry, not a saucy one. Beef should now be fall apart - if not, add a splash of water and keep cooking. Serve with rice.","Spicy, numbing Indonesian beef dish with dried chilies, ""ma la"" flavor."
6,"I have some preserved duck eggs, and I'd like to make a cold appetizer dish, something that's traditional and maybe uses ginger and soy sauce. I'm thinking something that would be good for a summer gathering.",Preserved duck egg ginger soy sauce cold Chinese appetizer,"Preserved duck egg appetizer, ginger, soy sauce.","Recipe 1: Silken Tofu with Century Egg

Ingredients: 1 block (300g) silken tofu 1 century egg, shelled and cut into halves 2 tablespoons soy sauce 1 tablespoon oyster sauce 1 teaspoon sesame oil ½ teaspoon minced garlic ½ teaspoon sugar (or to taste) Garnishes of your choice (e.g., finely chopped garlic, cilantro, sliced spring onions, or chili)

Instructions:

Drain the tofu and arrange it on a plate with the century egg halves.
In a bowl, mix together the soy sauce, oyster sauce, sesame oil, minced garlic, and sugar.
Drizzle the sauce over the egg and tofu.
Top with your chosen garnishes.","Recipe 1: Silken Tofu with Century Egg

Ingredients: 1 block (300g) silken tofu 1 century egg, shelled and cut into halves 2 tablespoons soy sauce 1 tablespoon oyster sauce 1 teaspoon sesame oil ½ teaspoon minced garlic ½ teaspoon sugar (or to taste) Garnishes of your choice (e.g., finely chopped garlic, cilantro, sliced spring onions, or chili)

Instructions:

Drain the tofu and arrange it on a plate with the century egg halves.
In a bowl, mix together the soy sauce, oyster sauce, sesame oil, minced garlic, and sugar.
Drizzle the sauce over the egg and tofu.
Top with your chosen garnishes.","Recipe 1: Silken Tofu with Century Egg

Ingredients: 1 block (300g) silken tofu 1 century egg, shelled and cut into halves 2 tablespoons soy sauce 1 tablespoon oyster sauce 1 teaspoon sesame oil ½ teaspoon minced garlic ½ teaspoon sugar or to taste

Instructions:

Drain the tofu and arrange on plate with century egg
In a bowl, mix together remaining ingredients, drizzle sauce over egg and tofu
Top with garnishes of your choice such as finely chopped garlic or cilantro, sliced spring onions or chilli (if no mouth pain and can tolerate)",Preserved duck egg cold appetizer with ginger and soy sauce.
7,"I'm interested in a dish that uses stuffed eggplants with ground pork. I want a savory and flavorful dish, maybe something with a rich sauce. I also have some dried shrimp that I could add.",Stuffed eggplant with ground pork and dried shrimp if possible.,Savory stuffed eggplant with ground pork and dried shrimp.,"Recipe 1: Stir Fried Eggplant with Minced Pork (Note: This recipe does not include dried shrimp, but it's the closest match from the provided documents.)

Ingredients:

300g pork mince
3 tsp corn starch (flour)
2 egg whites
1 tbsp Chinese shaoxing wine
4 tsp soy sauce
½ tsp white pepper powder
½ tsp cinnamon powder
½ tbsp sesame oil
Chicken stock powder to taste
Sugar to taste
300g eggplant (cut into large cubes)
500ml vegetable oil
5 stalks coriander root - chopped
½ red onion
3 cloves garlic – finely chopped
3 tbsp fish sauce
1 tbsp oyster sauce
Instructions:

Mix sesame oil, corn flour, egg whites, shaoxing wine, soy sauce, white pepper, and cinnamon powder. Add chicken stock powder and sugar to taste. Add pork and stir until combined. Marinate.
Deep fry eggplant cubes until golden brown. Drain on paper towel.
Remove most oil from wok, leaving 2 tablespoons. Stir-fry marinated pork until browned and fragrant. Remove.
Heat 2 tablespoons oil in wok. Sauté coriander root, onion, and garlic until golden brown. Add fish and oyster sauce, stir-fry briefly. Add stock (or water) to deglaze.
Add chili and basil, stir.
Add cooked eggplant and pork. Mix well and sauté for a few minutes. Reduce heat, check gravy, and adjust taste.
Garnish with fresh basil and serve.","Document 1 contains a recipe that closely matches the customer's search query. Documents 2 and 3 are irrelevant as they do not contain recipes for savory stuffed eggplant with ground pork and dried shrimp.

Recipe 1: Stir Fried Eggplant with Minced Pork (Note: This recipe does not include dried shrimp, but it's the closest match from the provided documents.)

Ingredients:

300g pork mince
3 tsp corn starch (flour)
2 egg whites
1 tbsp Chinese shaoxing wine
4 tsp soy sauce
½ tsp white pepper powder
½ tsp cinnamon powder
½ tbsp sesame oil
Chicken stock powder to taste
Sugar to taste
300g eggplant (cut into large cubes)
500ml vegetable oil
5 stalks coriander root - chopped
½ red onion
3 cloves garlic – finely chopped
3 tbsp fish sauce
1 tbsp oyster sauce
Instructions:

Mix sesame oil, corn flour, egg whites, shaoxing wine, soy sauce, white pepper, and cinnamon powder. Add chicken stock powder and sugar to taste. Add pork and stir until combined. Marinate.
Deep fry eggplant cubes until golden brown. Drain on paper towel.
Remove most oil from wok, leaving 2 tablespoons. Stir-fry marinated pork until browned and fragrant. Remove.
Heat 2 tablespoons oil in wok. Sauté coriander root, onion, and garlic until golden brown. Add fish and oyster sauce, stir-fry briefly. Add stock (or water) to deglaze.
Add chili and basil, stir.
Add cooked eggplant and pork. Mix well and sauté for a few minutes. Reduce heat, check gravy, and adjust taste.
Garnish with fresh basil and serve.","Recipe 1: Stir fried eggplant with minced pork

Ingredients: • 300g pork mince • 3 tsp corn starch (flour) • 2 egg whites • 1 tbsp Chinese shaoxing wine • 4 tsp soy sauce • ½ tsp white pepper powder • ½ tsp cinnamon powder • ½ tbsp sesame oil • chicken stock powder to taste • sugar to taste • 300g eggplant (cut into large cubes) • 500ml vegetable oil • 5 stalks coriander root - chopped • ½ red onion • 3 cloves garlic – finely chopped • 3 tbsp fish sauce • 1 tbsp oyster sauce

Instructions:

Mix the sesame oil, corn flour, egg whites, shaoxing wine, soy sauce, white pepper and cinnamon powder together adding a little chicken stock powder and sugar to taste. Add the pork to the mixture and stir until combined. Leave aside to marinate while you complete the next steps.
Heat vegetable oil in a wok to a medium high temperature and deep fry the eggplant cubes until golden brown or just cooked. Remove from the heat and strain cooked eggplant from hot oil onto paper towel and set aside to drain.
Remove oil from the wok, leaving about 2 tablespoonsful. Heat again and stir fry marinated pork until slightly brown and fragrant, tossing it to loosen. Remove from the wok when cooked and leave aside.
Heat about 2 tablespoons of oil in the wok again to high heat. Sauté the coriander root, onion and garlic until golden brown. Quickly pour in the premixed garlic, fish and oyster sauce and allow to deep fry for a few seconds until fragrant. Then quickly pour in the stock (or water) to deglaze it all.
Add in the chilli and basil, briefly stirring to mix it well.
Add the cooked eggplant and minced pork. Mix well and sauté for a few minutes. Reduce heat and check if there is enough gravy and adjust taste to suit.
Remove from heat and serve in a dish garnished with fresh basil leaves.","Stuffed eggplant recipes with ground pork, savory sauce, and dried shrimp."
8,"I'm looking for a vegetarian dish that's inspired by Indian cuisine, something with vegetables, and I'd really like it to be in a spicy and flavorful soup. It would be great if it could be served with rice.",Spicy Indian vegetarian soup with rice recipe,Spicy Indian vegetable soup with rice.,"Recipe 1: Rasam

Ingredients:

Tamarind (small gooseberry size)
1 tomato
1.5 tsp Rasam powder
Pinch of turmeric powder
¼ tsp sugar
Salt (as required)
1 tbsp chopped coriander leaves
5 curry leaves
1 tbsp of ghee vegetable Oil
1 tbsp mustard seeds
2 dried chili
1 tsp cumin seeds
4 curry leaves
Instructions:

Soak the tamarind in hot water for 30 mins then pour through a sieve and keep 3 cups (add extra water if required). Chop the tomatoes into 4 halves.
Heat a saucepan and cook the ‘To temper’ ingredients (ghee, mustard seeds, dried chili, cumin seeds, and curry leaves) for 1-2 minutes – adding in order shown.
Add the tomatoes and cook until soft.
Then add the tamarind extract (3 cups), Rasam powder, turmeric powder, torn curry leaves and half the coriander leaves.
Bring to a boil, then add salt and sugar to taste.
Switch off the flame and transfer to a serving bowl. Garnish with remaining coriander leaves. Serve with rice.","Recipe 1: Rasam

Ingredients:

Tamarind (small gooseberry size)
1 tomato
1.5 tsp Rasam powder
Pinch of turmeric powder
¼ tsp sugar
Salt (as required)
1 tbsp chopped coriander leaves
5 curry leaves
1 tbsp of ghee vegetable Oil
1 tbsp mustard seeds
2 dried chili
1 tsp cumin seeds
4 curry leaves
Instructions:

Soak the tamarind in hot water for 30 mins then pour through a sieve and keep 3 cups (add extra water if required). Chop the tomatoes into 4 halves.
Heat a saucepan and cook the ‘To temper’ ingredients (ghee, mustard seeds, dried chili, cumin seeds, and curry leaves) for 1-2 minutes – adding in order shown.
Add the tomatoes and cook until soft.
Then add the tamarind extract (3 cups), Rasam powder, turmeric powder, torn curry leaves and half the coriander leaves.
Bring to a boil, then add salt and sugar to taste.
Switch off the flame and transfer to a serving bowl. Garnish with remaining coriander leaves. Serve with rice.
Recipe 2: There is no second recipe in the provided text that matches the customer's request for a spicy Indian vegetable soup with rice. The Rasam recipe is the closest match, although it is from Southern India and Malaysia, not specifically described as a vegetable soup.","The customer is looking for a spicy, Indian-inspired vegetarian soup with vegetables, served with rice.

Document 1 describes a Cambodian herbal soup with fish and vegetables. While it contains vegetables, it's not vegetarian, Indian-inspired, or spicy. Therefore, it's not a good match.

Document 2 describes Rasam, a soup from Southern India, regularly eaten in Malaysia. It's vegetarian, spicy, and served with rice, making it a very good match for the customer's request.

Document 3 is a summary of recipes. It confirms that Rasam is a spicy soup.

Based on the analysis, Rasam from Document 2 is the best match.

Recipe 1: Rasam

Ingredients: • Tamarind (small gooseberry size) • 1 tomato • 1.5 tsp Rasam powder • Pinch of turmeric powder • ¼ tsp sugar • Salt (as required) • 1 tbsp chopped coriander leaves • 5 curry leaves • 1 tbsp of ghee vegetable Oil • 1 tbsp mustard • 2 dried chili • 1 tsp cumin • 4 curry leaves

Instructions:

Soak the tamarind in hot water for 30 mins then pour through a sieve and keep 3 cups (add extra water if required). Chop the tomatoes into 4 halves.
Heat a saucepan and cook the ‘To temper’ ingredients for 1-2 minutes – adding in order shown.
Add the tomatoes and cook until soft.
Then add the tamarind extract (3 cups), Rasam powder, turmeric powder, torn curry leaves and half the coriander leaves.
Bring to the boil, then add salt and sugar for taste.
Switch off the flame and transfer to a serving bowl. Garnish with remaining coriander leaves. Serve with rice.","Spicy Indian-inspired vegetarian soup with vegetables, served with rice."
9,"I have some fresh salmon and I want to make a rice-style dish, maybe something Japanese style or a simple grilled preparation. I also have some cucumber and would like to incorporate that in it if possible.",Japanese grilled salmon rice dish with cucumber,"Salmon and rice dish with cucumber, Japanese style or grilled.","Recipe 1: JAPANESE SALMON FLAKE ONIGIRI (RICE BALL)

Ingredients: • 150g salmon fillet • salt • 3 sheets Obento Yaki Nori for Sushi • 2 tbsp roasted white sesame seeds • Obento Japanese Soy Sauce • Kewpie Mayonnaise • 2 cups medium short grain rice (prepared according to the pack instructions)

Instructions:

Season salmon with salt. Grill in oven for 7 mins or until cooked through.
Once cooked through, use a fork and flake the salmon finely into a bowl.
Lightly toast 2 yaki nori seaweed sheets on stove till crispy and warm. Break into small pieces into salmon bowl and add in roasted sesame seeds.
Add Japanese soy sauce and mayonnaise to taste.
Place rice in a large mixing bowl, stir in desired amount of the salmon flake mixture. Use your hands to grab a handful of rice and make a shape of a ball.
Plate on a dish together with some yaki nori seaweed as garnish.","Recipe 1: JAPANESE SALMON FLAKE ONIGIRI (RICE BALL)

Ingredients: • 150g salmon fillet • salt • 3 sheets Obento Yaki Nori for Sushi • 2 tbsp roasted white sesame seeds • Obento Japanese Soy Sauce • Kewpie Mayonnaise • 2 cups medium short grain rice (prepared according to the pack instructions)

Instructions:

Season salmon with salt. Grill in oven for 7 mins or until cooked through.
Once cooked through, use a fork and flake the salmon finely into a bowl.
Lightly toast 2 yaki nori seaweed sheets on stove till crispy and warm. Break into small pieces into salmon bowl and add in roasted sesame seeds.
Add Japanese soy sauce and mayonnaise to taste.
Place rice in a large mixing bowl, stir in desired amount of the salmon flake mixture. Use your hands to grab a handful of rice and make a shape of a ball.
Plate on a dish together with some yaki nori seaweed as garnish.
Recipe 2: JAPANESE TEMAKI (CONE STYLE SUSHI)

Ingredients: • 75ml Obento Sushi Seasoning • 100g steamed sushi rice • Kewpie Mayonnaise • S&B Wasabi Paste in Tube • 1 sheet Obento Yaki Nori for Sushi (cut into half) • 2 x 20g salmon sashimi (cut into strips) • 2 x 20g tuna sashimi (cut into strips) • 2 cucumber sticks • 2 avocado sticks • lettuce leaves (optional) • Obento Sushi and Sashimi Soy Sauce (to serve)

Instructions:

Add sushi seasoning to steamed sushi rice and mix well.
Combine mayonnaise with wasabi and adjust to preferred taste.
On nori sheets, spread rice followed by wasabi and mayonnaise mix.
Top with sashimi strips and vegetables.
Roll into a cone shape and serve with soy sauce.","Neither of the provided documents offers a recipe for a salmon rice bowl with cucumber in a Japanese style. Document 1 describes salmon rice balls and Document 2 describes sushi cones, neither of which fits the customer's request. Therefore, I cannot provide a recipe that meets the customer's specifications.","Salmon rice bowl with cucumber, Japanese style."
10,"I'm trying to find a traditional Chinese recipe that uses chicken, but not just any chicken recipe. I want something with a rich, dark sauce, maybe something that's been braised or slow-cooked. I also have some dried mushrooms, specifically wood ear mushrooms. It should be a dish that's comforting and hearty, something that would be perfect for a cold winter evening. I'm open to using soy sauce and a touch of rice wine, and I'd prefer if it wasn't too spicy. I'm thinking of a dish that would go well with steamed rice, and I'd like to know if there are any variations that include chestnuts or bamboo shoots.",Braised chicken wood ear mushroom ginger scallion chestnut bamboo shoot Chinese recipe,"Braised chicken, dark sauce, wood ear mushrooms, ginger, scallions, soy sauce, rice wine.","Recipe 1: Sweet potato, tea tree mushroom &
chicken rice

Ingredients:
• 2 cups rice
• 1 sweet potato
• 30g dried tea tree mushrooms
• 700g chicken thigh fillets with bone
• 3 tbsp soy sauce
• small bunch chives, chopped

Instructions:
1. Clean the dried tea tree mushroom and soak them in warm water for 20
minutes. Drain well.
2. Cut the chicken thigh fillets into small pieces.
3. Rinse the rice and place it in a deep pan with 3 cups of water.
4. Peel and chop sweet potato into small cubes and place them on the top of
the rice.
5. Cook the rice over low heat for 5 minutes.
6. When the water starts to dry up, add the chicken and tea tree mushrooms
into the pot, cover and continue to cook for another 30 minutes.
7. Turn off the heat when rice is fully cooked.
8. Let the rice rest for 5 minutes. Remove the lid and drizzle the rice with
some soy sauce and sprinkle with chopped chives.
9. Serve warm.","Recipe 1: Sweet potato, tea tree mushroom &
chicken rice

Ingredients:
• 2 cups rice
• 1 sweet potato
• 30g dried tea tree mushrooms
• 700g chicken thigh fillets with bone
• 3 tbsp soy sauce
• small bunch chives, chopped

Instructions:
1. Clean the dried tea tree mushroom and soak them in warm water for 20
minutes. Drain well.
2. Cut the chicken thigh fillets into small pieces.
3. Rinse the rice and place it in a deep pan with 3 cups of water.
4. Peel and chop sweet potato into small cubes and place them on the top of
the rice.
5. Cook the rice over low heat for 5 minutes.
6. When the water starts to dry up, add the chicken and tea tree mushrooms
into the pot, cover and continue to cook for another 30 minutes.
7. Turn off the heat when rice is fully cooked.
8. Let the rice rest for 5 minutes. Remove the lid and drizzle the rice with
some soy sauce and sprinkle with chopped chives.
9. Serve warm.","Recipe 1: Sweet potato, tea tree mushroom & chicken rice

Ingredients: • 2 cups rice • 1 sweet potato • 30g dried tea tree mushrooms • 700g chicken thigh fillets with bone • 3 tbsp soy sauce • small bunch chives, chopped

Instructions:

Clean the dried tea tree mushroom and soak them in warm water for 20 minutes. Drain well.
Cut the chicken thigh fillets into small pieces.
Rinse the rice and place it in a deep pan with 3 cups of water.
Peel and chop sweet potato into small cubes and place them on the top of the rice.
Cook the rice over low heat for 5 minutes.
When the water starts to dry up, add the chicken and tea tree mushrooms into the pot, cover and continue to cook for another 30 minutes.
Turn off the heat when rice is fully cooked.
Let the rice rest for 5 minutes. Remove the lid and drizzle the rice with some soy sauce and sprinkle with chopped chives.
Serve warm.","Chicken recipe, dark sauce, braised or slow-cooked, wood ear mushrooms, soy sauce, rice wine, chestnuts or bamboo shoots."